asset_1,asset_2,average_rolling_correlation,relationship,diversification_score
BTC,ETH,0.8350756938513026,Strong Positive Correlation,0.16492430614869735
BNB,ETH,0.7282290578329966,Strong Positive Correlation,0.27177094216700337
ETH,XRP,0.7264188680233732,Strong Positive Correlation,0.2735811319766268
MSFT,SPY,0.7236952343199212,Strong Positive Correlation,0.2763047656800788
BNB,BTC,0.7008870782838912,Strong Positive Correlation,0.2991129217161088
ETH,SOL,0.6987032579967069,Moderate Positive Correlation,0.30129674200329315
BTC,XRP,0.693526174568652,Moderate Positive Correlation,0.30647382543134805
GOOGL,SPY,0.6860976007790602,Moderate Positive Correlation,0.31390239922093977
AAPL,SPY,0.6783521125297952,Moderate Positive Correlation,0.3216478874702048
BTC,SOL,0.6622528198903896,Moderate Positive Correlation,0.33774718010961036
NVDA,SPY,0.6522913706025238,Moderate Positive Correlation,0.34770862939747615
AMZN,SPY,0.652103880462876,Moderate Positive Correlation,0.34789611953712396
SPY,V,0.6415748975208946,Moderate Positive Correlation,0.3584251024791054
AMZN,MSFT,0.6388466648000076,Moderate Positive Correlation,0.3611533351999924
GOOGL,MSFT,0.6287004633682652,Moderate Positive Correlation,0.37129953663173476
BNB,SOL,0.6244625967490078,Moderate Positive Correlation,0.37553740325099216
BNB,XRP,0.612440116659922,Moderate Positive Correlation,0.38755988334007796
AMZN,GOOGL,0.6087084216091397,Moderate Positive Correlation,0.39129157839086026
META,SPY,0.6048763678596022,Moderate Positive Correlation,0.3951236321403978
SOL,XRP,0.6012594054378325,Moderate Positive Correlation,0.3987405945621675
JPM,SPY,0.6000622432767247,Moderate Positive Correlation,0.39993775672327525
AMZN,META,0.5920914517407839,Moderate Positive Correlation,0.4079085482592161
MSFT,NVDA,0.5891152758310315,Moderate Positive Correlation,0.4108847241689685
GOOGL,META,0.58545549639624,Moderate Positive Correlation,0.41454450360376005
AAPL,MSFT,0.5807996549224932,Moderate Positive Correlation,0.4192003450775068
META,MSFT,0.5664631754447081,Moderate Positive Correlation,0.43353682455529186
AAPL,GOOGL,0.5499833331296048,Moderate Positive Correlation,0.4500166668703952
AMZN,NVDA,0.5351490620021401,Moderate Positive Correlation,0.4648509379978599
AAPL,AMZN,0.5288963988449218,Moderate Positive Correlation,0.4711036011550782
GOOGL,NVDA,0.5156081314383911,Moderate Positive Correlation,0.4843918685616089
MSFT,V,0.5014768102093659,Moderate Positive Correlation,0.49852318979063415
AAPL,NVDA,0.49436025384443494,Moderate Positive Correlation,0.5056397461555651
META,NVDA,0.4933986468362652,Moderate Positive Correlation,0.5066013531637348
SPY,TSLA,0.4842916068657552,Moderate Positive Correlation,0.5157083931342448
AAPL,META,0.4700881651154558,Moderate Positive Correlation,0.5299118348845442
AAPL,V,0.4480716543264477,Moderate Positive Correlation,0.5519283456735523
GOOGL,V,0.4468904286890158,Moderate Positive Correlation,0.5531095713109841
JPM,V,0.44603280575304954,Moderate Positive Correlation,0.5539671942469504
AMZN,V,0.418616968420229,Moderate Positive Correlation,0.581383031579771
NVDA,TSLA,0.41634040152746155,Moderate Positive Correlation,0.5836595984725385
META,V,0.39894297377173366,Weak Correlation,0.6010570262282664
AAPL,TSLA,0.3963836138095648,Weak Correlation,0.6036163861904351
AMZN,TSLA,0.38375452251975956,Weak Correlation,0.6162454774802404
MSFT,TSLA,0.3728501828462719,Weak Correlation,0.6271498171537281
GOOGL,TSLA,0.370969829408865,Weak Correlation,0.629030170591135
NVDA,V,0.36844622239652247,Weak Correlation,0.6315537776034775
META,TSLA,0.3382825829544829,Weak Correlation,0.6617174170455171
GOOGL,JPM,0.32464585608388014,Weak Correlation,0.6753541439161199
AAPL,JPM,0.314524946926004,Weak Correlation,0.6854750530739959
JPM,NVDA,0.30245971303929464,Weak Correlation,0.6975402869607054
JPM,MSFT,0.2985477595078723,Weak Correlation,0.7014522404921277
SOL,SPY,0.29780845445502907,Weak Correlation,0.702191545544971
TSLA,V,0.29412168677926787,Weak Correlation,0.7058783132207321
AMZN,JPM,0.276730605034339,Weak Correlation,0.723269394965661
JPM,META,0.26908312024528586,Weak Correlation,0.7309168797547141
ETH,SPY,0.2664578226861101,Weak Correlation,0.7335421773138899
JPM,TSLA,0.2585650290480645,Weak Correlation,0.7414349709519354
BTC,SPY,0.25591784165071096,Weak Correlation,0.744082158349289
SOL,TSLA,0.23812171102691054,Weak Correlation,0.7618782889730895
SPY,XRP,0.2329634937821359,Weak Correlation,0.7670365062178641
NVDA,SOL,0.2305432344745931,Weak Correlation,0.7694567655254069
GOOGL,SOL,0.22736183585410094,Weak Correlation,0.772638164145899
BNB,SPY,0.21946490338720648,Weak Correlation,0.7805350966127935
MSFT,SOL,0.21713372594040262,Weak Correlation,0.7828662740595974
AMZN,SOL,0.2160379682559903,Weak Correlation,0.7839620317440097
ETH,NVDA,0.21436721226101252,Weak Correlation,0.7856327877389875
ETH,GOOGL,0.20867577906633406,Weak Correlation,0.791324220933666
BTC,NVDA,0.20675078694315374,Weak Correlation,0.7932492130568463
ETH,MSFT,0.2049357984300524,Weak Correlation,0.7950642015699476
BTC,TSLA,0.20296229393373258,Weak Correlation,0.7970377060662674
META,SOL,0.19716213830608859,Weak Correlation,0.8028378616939114
BTC,MSFT,0.1967828877529515,Weak Correlation,0.8032171122470485
BTC,GOOGL,0.19539122609141796,Weak Correlation,0.8046087739085821
ETH,TSLA,0.18981524591377022,Weak Correlation,0.8101847540862298
AMZN,BTC,0.18768814389145672,Weak Correlation,0.8123118561085433
TSLA,XRP,0.18460492920739374,Weak Correlation,0.8153950707926063
JPM,SOL,0.18438435593044475,Weak Correlation,0.8156156440695552
AAPL,SOL,0.18363437888480008,Weak Correlation,0.8163656211152
AMZN,ETH,0.1828052672371371,Weak Correlation,0.8171947327628629
MSFT,XRP,0.1787985813797635,Weak Correlation,0.8212014186202365
SOL,V,0.1776627133599349,Weak Correlation,0.8223372866400651
ETH,META,0.17602818370322404,Weak Correlation,0.823971816296776
BTC,META,0.17499143191989222,Weak Correlation,0.8250085680801078
AAPL,ETH,0.1737045319835804,Weak Correlation,0.8262954680164196
ETH,V,0.1700233208097035,Weak Correlation,0.8299766791902965
BNB,NVDA,0.16929648961519125,Weak Correlation,0.8307035103848087
BNB,META,0.16790818452049236,Weak Correlation,0.8320918154795076
GOOGL,XRP,0.16727051673377832,Weak Correlation,0.8327294832662216
BNB,TSLA,0.16713705505042362,Weak Correlation,0.8328629449495764
NVDA,XRP,0.16678908392483946,Weak Correlation,0.8332109160751605
ETH,JPM,0.1661524405888187,Weak Correlation,0.8338475594111813
AAPL,BTC,0.16390112786145541,Weak Correlation,0.8360988721385446
BNB,MSFT,0.16079924844808605,Weak Correlation,0.839200751551914
AAPL,XRP,0.16001498258074903,Weak Correlation,0.8399850174192509
AMZN,XRP,0.15684292816646783,Weak Correlation,0.8431570718335322
BTC,V,0.15628063567215392,Weak Correlation,0.8437193643278461
BNB,GOOGL,0.15601810816729317,Weak Correlation,0.8439818918327069
BTC,JPM,0.15575240331819523,Weak Correlation,0.8442475966818048
JPM,XRP,0.15500240509338675,Weak Correlation,0.8449975949066133
AMZN,BNB,0.1533835695081921,Weak Correlation,0.8466164304918079
AAPL,BNB,0.14533548208325078,Weak Correlation,0.8546645179167492
META,XRP,0.1438052548078773,Weak Correlation,0.8561947451921227
BNB,JPM,0.14306048045162403,Weak Correlation,0.856939519548376
BNB,V,0.13727140852900888,Weak Correlation,0.8627285914709911
V,XRP,0.1326402722558834,Weak Correlation,0.8673597277441166
